name,region_code,state_region_code
Eisenstadt,101,1
Rust,102,1
Deutsch-Brodersdorf,103,1
Wampersdorf,103,1
Neufeld an der Leitha,103,1
Siegendorf,103,1
Zagersdorf,103,1
Klingenbach,103,1
Zillingtal,103,1
Steinbrunn,103,1
Wulkaprodersdorf,103,1
Großhöflein,103,1
Müllendorf,103,1
Hornstein,103,1
Trausdorf an der Wulka,103,1
St. Margarethen im Burgenland,103,1
Oggau,103,1
Oslip,103,1
Mörbisch am See,103,1
Schützen am Gebirge,103,1
Donnerskirchen,103,1
Purbach am Neusiedler See,103,1
Breitenbrunn am Neusiedler See,103,1
Eberau,104,1
Strem,104,1
Ollersdorf im Burgenland,104,1
Olbendorf,104,1
St. Michael im Burgenland,104,1
Güttenbach,104,1
Neuberg im Burgenland,104,1
Güssing,104,1
Gerersdorf bei Güssing,104,1
Kukmirn,104,1
Tobaj,104,1
Stegersbach,104,1
Stinatz,104,1
Burgauberg-Neudauberg,104,1
Burgau,104,1
Neudau,104,1
Wörth an der Lafnitz,104,1
Heiligenkreuz im Lafnitztal,105,1
Eltendorf,105,1
Königsdorf,105,1
Dobersdorf,105,1
Rudersdorf,105,1
Deutsch Kaltenbrunn,105,1
Jennersdorf,105,1
Mogersdorf,105,1
St. Martin an der Raab,105,1
Minihof-Liebau,105,1
Neuhaus am Klausenbach,105,1
Loipersbach im Burgenland,106,1
Draßburg,106,1
Schattendorf,106,1
Zemendorf,106,1
Hirm,106,1
Krensdorf,106,1
Sigleß,106,1
Pöttsching,106,1
Antau,106,1
Neudörfl,106,1
Bad Sauerbrunn,106,1
Wiesen,106,1
Mattersburg,106,1
Forchtenstein,106,1
Marz,106,1
Rohrbach bei Mattersburg,106,1
Sieggraben,106,1
Berg,107,1
Kittsee,107,1
Pama,107,1
Deutsch Jahrndorf,107,1
Zurndorf,107,1
Nickelsdorf,107,1
Bruck an der Leitha,107,1
Wilfleinsdorf,107,1
Potzneusiedl,107,1
Gattendorf,107,1
Neudorf,107,1
Winden am See,107,1
Jois,107,1
Neusiedl am See,107,1
Parndorf,107,1
Weiden am See,107,1
Gols,107,1
Mönchhof,107,1
Halbturn,107,1
Frauenkirchen,107,1
Podersdorf am See,107,1
Illmitz,107,1
Apetlon,107,1
Wallern im Burgenland,107,1
Pamhagen,107,1
St. Andrä am Zicksee,107,1
Tadten,107,1
Andau,107,1
Deutschkreutz,108,1
Nikitsch,108,1
Großwarasdorf,108,1
Neckenmarkt,108,1
Horitschon,108,1
Lackendorf,108,1
Lackenbach,108,1
Ritzing,108,1
Weppersdorf,108,1
Kobersdorf,108,1
Markt St. Martin,108,1
Kaisersdorf,108,1
Neutal,108,1
Stoob,108,1
Oberpullendorf,108,1
Lutzmannsburg,108,1
Unterrabnitz,108,1
Draßmarkt,108,1
Piringsdorf,108,1
Weingraben,108,1
Pilgersdorf,108,1
Lockenhaus,108,1
Rattersdorf-Liebing,108,1
Mannersdorf an der Rabnitz,108,1
Oberloisdorf,108,1
Unterpullendorf,108,1
Steinberg-Dörfl,108,1
Hannersdorf,109,1
Deutsch Schützen,109,1
Rotenturm an der Pinka,109,1
Unterwart,109,1
Großpetersdorf,109,1
Mischendorf,109,1
Kohfidisch,109,1
Kemeten,109,1
Litzelsdorf,109,1
Oberwart,109,1
Loipersdorf-Kitzladen,109,1
Markt Allhau,109,1
Wolfau,109,1
Riedlingsdorf,109,1
Pinkafeld,109,1
Wiesfleck,109,1
Bad Tatzmannsdorf,109,1
Oberschützen,109,1
Mariasdorf,109,1
Bernstein,109,1
Unterkohlstätten,109,1
Stadtschlaining,109,1
Weiden bei Rechnitz,109,1
Markt Neuhodis,109,1
Rechnitz,109,1
Schachendorf,109,1
Klagenfurt am Wörthersee,201,2
Klagenfurt-Wölfnitz,201,2
Villach,202,2
Villach-Warmbad Villach,202,2
Villach-Landskron,202,2
Villach-St. Magdalen,202,2
Vorderberg,203,2
Görtschach,203,2
Hermagor,203,2
Weißbriach,203,2
St. Stefan an der Gail,203,2
Egg,203,2
Jenig,203,2
Kirchbach,203,2
Reisach,203,2
Gundersheim,203,2
Dellach,203,2
Kötschach-Mauthen,203,2
St. Jakob im Lesachtal,203,2
Birnbaum,203,2
Liesing,203,2
St. Lorenzen im Lesachtal,203,2
Maria Luggau,203,2
Moosburg,204,2
Maria Saal,204,2
Pischeldorf,204,2
Ebenthal,204,2
Köttmannsdorf,204,2
Ludmannsdorf,204,2
Klagenfurt-Viktring,204,2
Keutschach,204,2
Reifnitz,204,2
Maria Wörth,204,2
Poggersdorf,204,2
Grafenstein,204,2
Maria Rain,204,2
Strau,204,2
Unterbergen,204,2
Ferlach,204,2
St. Margareten im Rosental,204,2
Feistritz im Rosental,204,2
Krumpendorf,204,2
Pörtschach am Wörther See,204,2
Techelsberg am Wörther See,204,2
Schiefling am Wörthersee,204,2
Deutsch Griffen,205,2
St. Veit an der Glan,205,2
Kraig,205,2
Meiselding,205,2
St. Georgen am Längsee,205,2
Launsdorf,205,2
Kappel am Krappfeld,205,2
Micheldorf,205,2
Treibach-Althofen,205,2
Guttaring,205,2
Lölling,205,2
Straßburg,205,2
Gurk,205,2
Zweinitz,205,2
Weitensfeld,205,2
Kleinglödnitz,205,2
Glödnitz,205,2
Friesach,205,2
St. Salvator,205,2
Grades,205,2
Metnitz,205,2
Brückl,205,2
Eberstein,205,2
Klein St. Paul,205,2
Wieting,205,2
Hüttenberg,205,2
Knappenberg,205,2
Liebenfels,205,2
Rothenthurn,206,2
Sachsenburg,206,2
Lind im Drautal,206,2
Steinfeld,206,2
Greifenburg,206,2
Weißensee,206,2
Berg im Drautal,206,2
Dellach,206,2
Irschen,206,2
Oberdrauburg,206,2
Spittal an der Drau,206,2
Baldramsdorf,206,2
Lendorf,206,2
Pusarnitz,206,2
Möllbrücke,206,2
Mühldorf,206,2
Kolbnitz,206,2
Penk,206,2
Obervellach,206,2
Mallnitz,206,2
Flattach,206,2
Stall,206,2
Rangersdorf,206,2
Winklern,206,2
Mörtschach,206,2
Großkirchheim,206,2
Heiligenblut,206,2
Lieserbrücke,206,2
Trebesing,206,2
Gmünd,206,2
Malta,206,2
Eisentratten,206,2
Kremsbrücke,206,2
Rennweg,206,2
Seeboden,206,2
Millstatt am See,206,2
Radenthein,206,2
Bad Kleinkirchheim,206,2
Villach-Drobollach am Faaker See,207,2
Ledenitzen,207,2
Latschach,207,2
Faak am See,207,2
Finkenstein,207,2
Gödersdorf,207,2
Fürnitz,207,2
Riegersdorf,207,2
Arnoldstein,207,2
Thörl-Maglern,207,2
Nötsch,207,2
St. Georgen im Gailtal,207,2
Feistritz an der Gail,207,2
Ferndorf,207,2
Feistritz an der Drau,207,2
Paternion,207,2
Fresach,207,2
Zlan,207,2
Stockenboi,207,2
Weißenstein,207,2
Gummern,207,2
Döbriach,207,2
Maria Elend,207,2
Rosenbach,207,2
St. Jakob im Rosental,207,2
Velden am Wörther See,207,2
Köstenberg,207,2
Rosegg,207,2
Wernberg,207,2
Sattendorf,207,2
Treffen,207,2
Bad Bleiberg,207,2
Kreuth,207,2
St. Egyden,207,2
Einöde,207,2
Afritz,207,2
Arriach,207,2
Feld am See,207,2
Völkermarkt,208,2
Mittertrixen,208,2
Diex,208,2
Haimburg,208,2
Griffen,208,2
Ruden,208,2
Tainach,208,2
St. Kanzian am Klopeiner See,208,2
St. Primus,208,2
Kühnsdorf,208,2
Gallizien,208,2
Sittersdorf,208,2
Bad Eisenkappel,208,2
Eberndorf,208,2
Globasnitz,208,2
St. Michael ob Bleiburg,208,2
Bleiburg,208,2
Neuhaus,208,2
Wolfsberg,209,2
St. Michael,209,2
St. Margarethen im Lavanttal,209,2
St. Gertraud,209,2
Eitweg,209,2
Maria Rojach,209,2
St. Georgen,209,2
St. Stefan,209,2
St. Andrä,209,2
Twimberg,209,2
Preitenegg,209,2
Prebl,209,2
Bad St. Leonhard im Lavanttal,209,2
Reichenfels,209,2
St. Paul im Lavanttal,209,2
Ettendorf,209,2
Lavamünd,209,2
Sirnitz,210,2
Bodensdorf,210,2
Steindorf am Ossiacher See,210,2
St. Urban,210,2
Glanegg,210,2
Feldkirchen in Kärnten,210,2
Himmelberg,210,2
Gnesau,210,2
Patergassen,210,2
Ebene Reichenau,210,2
Ossiach,210,2
Krems an der Donau,301,3
Krems-Hollenburg,301,3
St. Pölten,302,3
St. Pölten-Harland,302,3
St. Pölten-Radlberg,302,3
St. Pölten-Traisenpark,302,3
St. Georgen am Steinfelde,302,3
Waidhofen an der Ybbs,303,3
Wiener Neustadt,304,3
Amstetten,305,3
St. Georgen am Ybbsfelde,305,3
Zeillern,305,3
Oed,305,3
Wallsee,305,3
Strengberg,305,3
Ardagger,305,3
Viehdorf,305,3
Neustadtl an der Donau,305,3
Euratsfeld,305,3
Ferschnitz,305,3
Kematen,305,3
Rosenau am Sonntagberg,305,3
Böhlerwerk,305,3
Ybbsitz,305,3
Opponitz,305,3
Hollenstein an der Ybbs,305,3
St. Georgen am Reith,305,3
Haag,305,3
Weistrach,305,3
St. Peter in der Au,305,3
Seitenstetten,305,3
Wolfsbach,305,3
Ertl,305,3
Aschbach Markt,305,3
Mauer-Öhling,305,3
Ulmerfeld-Hausmening,305,3
Neuhofen an der Ybbs,305,3
Allhartsberg,305,3
St. Valentin,305,3
St. Pantaleon,305,3
Haidershofen,305,3
Ernsthofen,305,3
Behamberg,305,3
Ennsdorf,305,3
Gramatneusiedl,306,3
Mitterndorf an der Fischa,306,3
Unterwaltersdorf,306,3
Seibersdorf,306,3
Ebreichsdorf,306,3
Pottendorf,306,3
Baden,306,3
Sooß,306,3
Pfaffstätten,306,3
Tribuswinkel,306,3
Traiskirchen,306,3
Trumau,306,3
Oberwaltersdorf,306,3
Tattendorf,306,3
Teesdorf,306,3
Günselsdorf,306,3
Heiligenkreuz im Wienerwald,306,3
Klausen-Leopoldsdorf,306,3
Alland,306,3
Bad Vöslau,306,3
Kottingbrunn,306,3
Leobersdorf,306,3
Enzesfeld-Lindabrunn,306,3
Hirtenberg,306,3
Berndorf,306,3
Pottenstein,306,3
Weissenbach an der Triesting,306,3
Neuhaus,306,3
Altenmarkt-Thenneberg,306,3
Blumau-Neurißhof,306,3
Wien-Flughafen,307,3
Schwechat,307,3
Zwölfaxing,307,3
Himberg,307,3
Maria Lanzendorf,307,3
Leopoldsdorf,307,3
Fischamend,307,3
Maria Ellend,307,3
Regelsbrunn,307,3
Petronell,307,3
Bad Deutsch Altenburg,307,3
Hainburg an der Donau,307,3
Wolfsthal,307,3
Kleinneusiedl,307,3
Schwadorf,307,3
Margarethen am Moos,307,3
Götzendorf an der Leitha,307,3
Ebergassing,307,3
Hof am Leithaberge,307,3
Mannersdorf am Leithagebirge,307,3
Sommerein,307,3
Trautmannsdorf an der Leitha,307,3
Stixneusiedl,307,3
Göttlesbrunn,307,3
Höflein,307,3
Rohrau,307,3
Prellenkirchen,307,3
Dobermannsdorf,308,3
Palterndorf,308,3
Neusiedl an der Zaya,308,3
Hauskirchen,308,3
Prinzendorf an der Zaya,308,3
Auersthal,308,3
Raggendorf,308,3
Groß Schweinbarth,308,3
Bad Pirawarth,308,3
Hohenruppersdorf,308,3
Obersulz,308,3
Zistersdorf,308,3
Gänserndorf,308,3
Strasshof an der Nordbahn,308,3
Deutsch Wagram,308,3
Schönkirchen,308,3
Prottes,308,3
Matzen,308,3
Spannberg,308,3
Velm-Götzendorf,308,3
Ebenthal,308,3
Ollersdorf,308,3
Weikendorf,308,3
Angern an der March,308,3
Stillfried,308,3
Dürnkrut,308,3
Jedenspeigen,308,3
Drösing,308,3
Niederabsdorf,308,3
Hohenau an der March,308,3
Glinzendorf,308,3
Raasdorf,308,3
Markgrafneusiedl,308,3
Obersiebenbrunn,308,3
Untersiebenbrunn,308,3
Leopoldsdorf im Marchfelde,308,3
Haringsee,308,3
Lassee,308,3
Engelhartstetten,308,3
Marchegg Stadt,308,3
Marchegg Bahnhof,308,3
Oberweiden,308,3
Groß-Enzersdorf,308,3
Orth an der Donau,308,3
Eckartsau,308,3
Heidenreichstein,309,3
Eggern,309,3
Eisgarn,309,3
Reingers,309,3
Nagelberg,309,3
Langegg,309,3
Brand,309,3
Litschau,309,3
Großschönau,309,3
Jagenbach,309,3
Kirchberg am Walde,309,3
Hirschbach,309,3
Schrems,309,3
Pürbach,309,3
Hoheneich,309,3
Gmünd,309,3
Waldenstein,309,3
Heinrichs bei Weitra,309,3
Weitra,309,3
St. Martin,309,3
Bad Großpertholz,309,3
Göllersdorf,310,3
Breitenwaida,310,3
Hollabrunn,310,3
Immendorf,310,3
Nappersdorf,310,3
Mailberg,310,3
Eggendorf im Thale,310,3
Kammersdorf,310,3
Wullersdorf,310,3
Guntersdorf,310,3
Zellerndorf,310,3
Pernersdorf-Pfaffendorf,310,3
Jetzelsdorf,310,3
Haugsdorf,310,3
Hadres,310,3
Seefeld-Großkadolz,310,3
Retz,310,3
Schrattenthal,310,3
Unterretzbach,310,3
Niederfladnitz,310,3
Hardegg,310,3
Pleißing,310,3
Riegersburg,310,3
Hohenwarth,310,3
Mühlbach am Manhartsberg,310,3
Glaubendorf,310,3
Ziersdorf,310,3
Großmeiseldorf,310,3
Maissau,310,3
Harmannsdorf,310,3
Sitzendorf an der Schmida,310,3
Ravelsbach,310,3
Limberg,310,3
Pulkau,310,3
Theras,310,3
Weitersfeld,311,3
Langau,311,3
Geras,311,3
Zissersdorf,311,3
Drosendorf,311,3
Gars am Kamp,311,3
Rosenburg,311,3
Horn,311,3
Altenburg,311,3
Röhrenbach,311,3
Brunn an der Wild,311,3
Straning,311,3
Eggenburg,311,3
Röschitz,311,3
Stockern,311,3
Sigmundsherberg,311,3
Walkenstein,311,3
Hötzelsdorf,311,3
Irnfritz,311,3
Messern,311,3
Japons,311,3
Aigen,311,3
Stockerau,312,3
Großmugl,312,3
Leitzersdorf,312,3
Niederhollabrunn,312,3
Sierndorf,312,3
Enzersdorf im Thale,312,3
Korneuburg,312,3
Bisamberg,312,3
Langenzersdorf,312,3
Spillern,312,3
Oberrohrbach,312,3
Rückersdorf-Harmannsdorf,312,3
Würnitz,312,3
Karnabrunn,312,3
Großrußbach,312,3
Ernstbrunn,312,3
Gerasdorf,312,3
Enzersfeld,312,3
Stetteldorf am Wagram,312,3
Hausleiten,312,3
Niederrußbach,312,3
Gansbach,313,3
Haitzendorf,313,3
Straß im Straßertale,313,3
Etsdorf am Kamp,313,3
Hadersdorf am Kamp,313,3
Gedersdorf,313,3
Rohrendorf bei Krems,313,3
Paudorf,313,3
Furth bei Göttweig,313,3
Mautern,313,3
Obermeisling,313,3
Lichtenau,313,3
Rastenfeld,313,3
Senftenberg,313,3
Gföhl,313,3
Krumau am Kamp,313,3
Idolsberg,313,3
Langenlois,313,3
Lengenfeld,313,3
Schiltern,313,3
Zöbing,313,3
Schönberg,313,3
Plank am Kamp,313,3
St. Leonhard am Hornerwald,313,3
Dürnstein,313,3
Rossatz,313,3
Weißenkirchen in der Wachau,313,3
Großheinrichschlag,313,3
Albrechtsberg an der Großen Krems,313,3
Spitz,313,3
Mitterarnsdorf,313,3
Mühldorf,313,3
Aggsbach Markt,313,3
Maria Laach am Jauerling,313,3
Eschenau,314,3
Traisen,314,3
St. Veit an der Gölsen,314,3
Rainfeld,314,3
Rohrbach,314,3
Hainfeld,314,3
Kleinzell-Salzerbad,314,3
Ramsau,314,3
Lilienfeld,314,3
Freiland,314,3
Türnitz,314,3
Hohenberg,314,3
St. Aegyd am Neuwalde,314,3
Kernhof,314,3
Annaberg,314,3
Wienerbruck,314,3
Mitterbach,314,3
Kaumberg,314,3
Frein an der Mürz,314,3
Bischofstetten,315,3
Kilb,315,3
Mank,315,3
Kirnberg an der Mank,315,3
Texing,315,3
St. Leonhard am Forst,315,3
Ruprechtshofen,315,3
Petzenkirchen,315,3
Erlauf,315,3
Bergland,315,3
Ybbs an der Donau,315,3
Neumarkt an der Ybbs,315,3
Blindenmarkt,315,3
Kemmelbach,315,3
Säusenstein,315,3
Krummnußbaum,315,3
St. Martin-Karlsbach,315,3
Pöchlarn,315,3
Golling,315,3
Loosdorf,315,3
Hürm,315,3
Melk,315,3
Schönbühel an der Donau,315,3
Matzleinsdorf,315,3
Aggsbach Dorf,315,3
Emmersdorf an der Donau,315,3
Pöggstall,315,3
Leiben,315,3
Weiten,315,3
Raxendorf,315,3
Klein-Pöchlarn,315,3
Artstetten,315,3
Münichreith,315,3
Laimbach am Ostrong,315,3
Marbach an der Donau,315,3
Maria Taferl,315,3
Persenbeug,315,3
Hofamt Priel,315,3
Yspertal,315,3
St. Oswald,315,3
Nöchling,315,3
Dorfstetten,315,3
Großharras,316,3
Zwingendorf,316,3
Wulzeshofen,316,3
Niederleis,316,3
Wolkersdorf im Weinviertel,316,3
Ulrichskirchen,316,3
Schleinbach,316,3
Niederkreuzstetten,316,3
Neubau,316,3
Ladendorf,316,3
Mistelbach,316,3
Frättingsdorf,316,3
Loosdorf,316,3
Staatz-Kautendorf,316,3
Neudorf im Weinviertel,316,3
Laa an der Thaya,316,3
Ameis,316,3
Großkrut,316,3
Altlichtenwarth,316,3
Hausbrunn,316,3
Asparn an der Zaya,316,3
Gnadendorf,316,3
Stronsdorf,316,3
Unterstinkenbrunn,316,3
Poysbrunn,316,3
Falkenstein,316,3
Ottenthal,316,3
Wildendürnbach,316,3
Drasenhofen,316,3
Poysdorf,316,3
Herrnbaumgarten,316,3
Schrattenberg,316,3
Gaweinstal,316,3
Kettlasbrunn,316,3
Wilfersdorf,316,3
Großebersdorf,316,3
Pillichsdorf,316,3
Großengersdorf,316,3
Bockfließ,316,3
Rabensburg,316,3
Bernhardsthal,316,3
Reintal,316,3
Vösendorf,317,3
Hennersdorf,317,3
Mödling,317,3
Maria Enzersdorf,317,3
Brunn am Gebirge,317,3
Wiener Neudorf,317,3
Gumpoldskirchen,317,3
Guntramsdorf,317,3
Laxenburg,317,3
Biedermannsdorf,317,3
Hinterbrühl,317,3
Gießhübl,317,3
Perchtoldsdorf,317,3
Laab im Walde,317,3
Breitenfurt bei Wien,317,3
Kaltenleutgeben,317,3
Sulz im Wienerwald,317,3
Sittendorf,317,3
Achau,317,3
Münchendorf,317,3
Gaaden,317,3
Neunkirchen,318,3
Breitenau,318,3
Schwarzau am Steinfelde,318,3
Ternitz,318,3
Sieding-Stixenstein,318,3
Wimpassing im Schwarzatale,318,3
Gloggnitz,318,3
Schottwien,318,3
Payerbach,318,3
Reichenau an der Rax,318,3
Naßwald,318,3
Schwarzau im Gebirge,318,3
Küb,318,3
Breitenstein,318,3
Semmering,318,3
St. Egyden am Steinfeld,318,3
Willendorf,318,3
Grünbach am Schneeberg,318,3
Puchberg am Schneeberg,318,3
Pitten,318,3
Seebenstein,318,3
Warth,318,3
Thernberg,318,3
Grimmenstein,318,3
Edlitz,318,3
Aspang,318,3
Zöbern,318,3
Mönichkirchen,318,3
Feistritz am Wechsel,318,3
Kirchberg am Wechsel,318,3
Trattenbach,318,3
Tauchen-Schaueregg,318,3
Michelbach,319,3
Neidling,319,3
Karlstetten,319,3
Obritzberg,319,3
Oberwölbling,319,3
Statzendorf,319,3
Herzogenburg,319,3
Getzersdorf,319,3
Traismauer,319,3
Nußdorf,319,3
Pottenbrunn,319,3
Kapelln,319,3
Perschling,319,3
Pyhra,319,3
Wald,319,3
Wilhelmsburg,319,3
Ober-Grafendorf,319,3
Hofstetten,319,3
Rabenstein an der Pielach,319,3
Kirchberg an der Pielach,319,3
Weinburg,319,3
Loich,319,3
Schwarzenbach an der Pielach,319,3
Frankenfels,319,3
St. Margarethen an der Sierning,319,3
Mauerbach,319,3
Purkersdorf,319,3
Gablitz,319,3
Ried am Riederberg,319,3
Untertullnerbach,319,3
Wolfsgraben,319,3
Tullnerbach-Lawies,319,3
Pressbaum,319,3
Rekawinkel,319,3
Eichgraben,319,3
Altlengbach,319,3
Maria Anzbach,319,3
Neulengbach,319,3
Asperhofen,319,3
St. Christophen,319,3
Innermanzing,319,3
Laaben,319,3
Ollersbach,319,3
Kirchstetten,319,3
Böheimkirchen,319,3
Kasten bei Böheimkirchen,319,3
Stössing,319,3
Groß Sierning,319,3
Prinzersdorf,319,3
Hafnerbach,319,3
Puchenstuben,320,3
Gösing an der Mariazellerbahn,320,3
Wieselburg,320,3
Purgstall,320,3
Steinakirchen am Forst,320,3
Wang,320,3
Randegg,320,3
Gresten,320,3
Scheibbs,320,3
Oberndorf an der Melk,320,3
St. Georgen an der Leys,320,3
St. Anton an der Jeßnitz,320,3
Kienberg,320,3
Gaming,320,3
Lunz am See,320,3
Lackenhof,320,3
Göstling an der Ybbs,320,3
Würmla,321,3
Klosterneuburg,321,3
Hintersdorf,321,3
Kritzendorf,321,3
Höflein an der Donau,321,3
Greifenstein,321,3
St. Andrä-Wördern,321,3
Zeiselmauer,321,3
Langenlebarn,321,3
Muckendorf-Wipfing,321,3
Tulln an der Donau,321,3
Königstetten,321,3
Tulbing,321,3
Zwentendorf an der Donau,321,3
Judenau,321,3
Langenrohr,321,3
Sieghartskirchen,321,3
Michelhausen,321,3
Atzenbrugg,321,3
Sitzenberg-Reidling,321,3
Absdorf,321,3
Königsbrunn am Wagram,321,3
Kirchberg am Wagram,321,3
Großriedenthal,321,3
Altenwörth,321,3
Fels am Wagram,321,3
Gösing am Wagram,321,3
Feuersbrunn,321,3
Grafenwörth,321,3
Großweikersdorf,321,3
Ludweis,322,3
Groß Siegharts,322,3
Dietmanns,322,3
Raabs an der Thaya,322,3
Karlstein an der Thaya,322,3
Weikertschlag an der Thaya,322,3
Großau,322,3
Waidhofen an der Thaya,322,3
Pfaffenschlag bei Waidhofen an der Thaya,322,3
Windigsteig,322,3
Thaya,322,3
Dobersberg,322,3
Waldkirchen an der Thaya,322,3
Kautzen,322,3
Gastern,322,3
Vitis,322,3
Ebenfurth,323,3
Eggendorf,323,3
Lichtenwörth-Nadelburg,323,3
Sollenau,323,3
Felixdorf,323,3
Theresienfeld,323,3
Rohr im Gebirge,323,3
Bad Fischau,323,3
Winzendorf,323,3
Muthmannsdorf,323,3
Hohe Wand-Stollhof,323,3
Steinabrückl,323,3
Wöllersdorf,323,3
Markt Piesting,323,3
Waldegg,323,3
Oed,323,3
Miesenbach,323,3
Pernitz,323,3
Gutenstein,323,3
Katzelsdorf,323,3
Hochwolkersdorf,323,3
Schwarzenbach,323,3
Wiesmath,323,3
Hollenthon,323,3
Lichtenegg,323,3
Lanzenkirchen,323,3
Bad Erlach,323,3
Bromberg,323,3
Krumbach,323,3
Hochneukirchen,323,3
Bad Schönau,323,3
Kirchschlag in der Buckligen Welt,323,3
Grainbrunn,325,3
Sallingberg,325,3
Niedernondorf,325,3
Friedersbach,325,3
Neupölla,325,3
Franzen,325,3
Kottes,325,3
Ottenschlag,325,3
Bad Traunstein,325,3
Schönbach,325,3
Martinsberg,325,3
Gutenbrunn,325,3
Göpfritz an der Wild,325,3
Allentsteig,325,3
Kirchberg an der Wild,325,3
Schwarzenau,325,3
Echsenbach,325,3
Zwettl,325,3
Rappottenstein,325,3
Grafenschlag,325,3
Großgöttfritz,325,3
Waldhausen,325,3
Groß Gerungs,325,3
Langschlag,325,3
Rosenau Schloß,325,3
Arbesbach,325,3
Schweiggers,325,3
Karlstift,325,3
Linz,401,4
Steyr,402,4
Wels,403,4
Wildenau,404,4
Altheim,404,4
Polling im Innkreis,404,4
Weng im Innkreis,404,4
Mining,404,4
St. Peter am Hart,404,4
St. Pantaleon,404,4
Ostermiething,404,4
Ach,404,4
Überackern,404,4
Franking,404,4
Geretsberg,404,4
Gilgenberg am Weilhart,404,4
Schwand im Innkreis,404,4
Moosdorf,404,4
Eggelsberg,404,4
Feldkirchen bei Mattighofen,404,4
Handenberg,404,4
Neukirchen an der Enknach,404,4
Mattsee,404,4
Perwang am Grabensee,404,4
Friedburg,404,4
Schneegattern,404,4
Lochen am See,404,4
Munderfing,404,4
Pfaffstätt,404,4
Auerbach,404,4
Jeging,404,4
Mattighofen,404,4
Schalchen,404,4
Kirchberg bei Mattighofen,404,4
Pischelsdorf am Engelbach,404,4
Maria Schmolln,404,4
St. Johann am Walde,404,4
Höhnhart,404,4
Aspach,404,4
Uttendorf,404,4
Mauerkirchen,404,4
Moosbach,404,4
Treubach,404,4
Roßbach,404,4
Burgkirchen,404,4
Braunau am Inn,404,4
Braunau,404,4
Scharten,405,4
Prambachkirchen,405,4
Eferding,405,4
Alkoven,405,4
Stroheim,405,4
Breitenaich,405,4
St. Marienkirchen an der Polsenz,405,4
Hartkirchen,405,4
Aschach an der Donau,405,4
Haibach ob der Donau,405,4
Gallneukirchen,406,4
Neumarkt im Mühlkreis,406,4
Wartberg ob der Aist,406,4
Pregarten,406,4
Hagenberg im Mühlkreis,406,4
Freistadt,406,4
Hirschbach im Mühlkreis,406,4
Sandl,406,4
Liebenau,406,4
Rainbach im Mühlkreis,406,4
Leopoldschlag,406,4
Windhaag bei Freistadt,406,4
Grünbach,406,4
St. Oswald bei Freistadt,406,4
Weitersfelden,406,4
Unterweißenbach,406,4
Schönau im Mühlkreis,406,4
Königswiesen,406,4
Mönchdorf,406,4
Pierbach,406,4
Bad Zell,406,4
Tragwein,406,4
Lasberg,406,4
Kefermarkt,406,4
Gutau,406,4
St. Leonhard bei Freistadt,406,4
Scharnstein,407,4
Grünau im Almtal,407,4
Vorchdorf,407,4
Kirchham,407,4
Roitham am Traunfall,407,4
Steyrermühl,407,4
Laakirchen,407,4
Oberweis,407,4
Ohlsdorf,407,4
Traunkirchen,407,4
Ebensee,407,4
Gmunden,407,4
Pinsdorf,407,4
Altmünster,407,4
Gschwandt,407,4
St. Konrad,407,4
Bad Ischl,407,4
Lauffen,407,4
Bad Goisern am Hallstättersee,407,4
Steeg,407,4
Gosau,407,4
Gosau-Hintertal,407,4
Hallstatt,407,4
Obertraun,407,4
Rutzenmoos,407,4
St. Wolfgang im Salzkammergut,407,4
Kematen am Innbach,408,4
Gaspoltshofen,408,4
Altenhof am Hausruck,408,4
Weibern,408,4
Aistersheim,408,4
Haag am Hausruck,408,4
Rottenbach,408,4
Geboltskirchen,408,4
Bad Schallerbach,408,4
Wallern an der Trattnach,408,4
Schlüßlberg,408,4
Grieskirchen,408,4
Michaelnbach,408,4
Gallspach,408,4
Meggenhofen,408,4
Taufkirchen an der Trattnach,408,4
Hofkirchen an der Trattnach,408,4
Neumarkt im Hausruckkreis,408,4
Peuerbach,408,4
Natternbach,408,4
Neukirchen am Walde,408,4
Waizenkirchen,408,4
St. Thomas,408,4
Heiligenberg,408,4
Wendling,408,4
Pram,408,4
St. Agatha,408,4
Steinbach an der Steyr,409,4
Pettenbach,409,4
Nußbach,409,4
Kremsmünster,409,4
Ried im Traunkreis,409,4
Wartberg an der Krems,409,4
Schlierbach,409,4
Oberschlierbach,409,4
Kirchdorf an der Krems,409,4
Steinbach am Ziehberg,409,4
Micheldorf,409,4
Klaus an der Pyhrnbahn,409,4
Inzersdorf im Kremstal,409,4
Steyrling,409,4
St. Pankraz,409,4
Hinterstoder,409,4
Vorderstoder,409,4
Roßleithen,409,4
Windischgarsten,409,4
Rosenau am Hengstpaß,409,4
Spital am Pyhrn,409,4
Molln,409,4
Leonstein,409,4
Obergrünburg,409,4
Grünburg,409,4
Eggendorf im Traunkreis,410,4
Traun,410,4
Ansfelden,410,4
Haid,410,4
Pucking,410,4
Leonding,410,4
Pasching,410,4
Thening,410,4
Hörsching,410,4
Oftering,410,4
Wilhering,410,4
Enns,410,4
Asten,410,4
Hargelsberg,410,4
Kronstorf,410,4
St. Florian,410,4
Niederneukirchen,410,4
Hofkirchen im Traunkreis,410,4
Neuhofen an der Krems,410,4
St. Marien,410,4
Allhaming,410,4
Kematen an der Krems,410,4
Piberbach,410,4
St. Georgen an der Gusen,411,4
Katsdorf,411,4
Luftenberg,411,4
Mauthausen,411,4
Schwertberg,411,4
Ried in der Riedmark,411,4
Perg,411,4
Windhaag bei Perg,411,4
Münzbach,411,4
Rechberg,411,4
Naarn,411,4
Au an der Donau,411,4
Arbing,411,4
Baumgartenberg,411,4
Mitterkirchen,411,4
Saxen,411,4
Klam,411,4
Grein,411,4
Bad Kreuzen,411,4
Pabneukirchen,411,4
St. Thomas,411,4
Dimbach,411,4
St. Georgen am Walde,411,4
St. Nikola an der Donau,411,4
Sarmingstein,411,4
Waldhausen im Strudengau,411,4
Peterskirchen,412,4
Taiskirchen im Innkreis,412,4
Andrichsfurt,412,4
Lambrechten,412,4
Eberschwang,412,4
Ried im Innkreis,412,4
Tumeltsham,412,4
Neuhofen im Innkreis,412,4
Schildorn,412,4
Hohenzell,412,4
Geiersberg,412,4
Lohnsburg,412,4
Waldzell,412,4
Pramet,412,4
St. Marienkirchen am Hausruck,412,4
Mettmach,412,4
Kirchheim im Innkreis,412,4
Mehrnbach,412,4
Gurten,412,4
Geinberg,412,4
Mühlheim am Inn,412,4
Eitzing,412,4
Aurolzmünster,412,4
Utzenaich,412,4
St. Martin,412,4
Ort im Innkreis,412,4
Antiesenhofen,412,4
Reichersberg,412,4
Obernberg am Inn,412,4
St. Georgen bei Obernberg am Inn,412,4
Weilbach,412,4
St. Martin im Mühlkreis,413,4
Neuhaus an der Donau,413,4
Kleinzell im Mühlkreis,413,4
St. Ulrich im Mühlkreis,413,4
Neufelden,413,4
Altenfelden,413,4
Arnreit,413,4
Kirchberg ob der Donau,413,4
Lembach im Mühlkreis,413,4
Niederkappel,413,4
Putzleinsdorf,413,4
Pfarrkirchen im Mühlkreis,413,4
Hofkirchen im Mühlkreis,413,4
Neustift im Mühlkreis,413,4
Oberkappel,413,4
Rohrbach in Oberösterreich,413,4
Oepping,413,4
Sarleinsbach,413,4
Peilstein im Mühlviertel,413,4
Kollerschlag,413,4
Nebelberg,413,4
Aigen-Schlägl,413,4
Ulrichsberg,413,4
Julbach,413,4
Klaffer am Hochficht,413,4
Schwarzenberg am Böhmerwald,413,4
Haslach an der Mühl,413,4
St. Peter am Wimberg,413,4
St. Johann am Wimberg,413,4
St. Veit im Mühlkreis,413,4
Niederwaldkirchen,413,4
Traberg,413,4
Helfenberg,413,4
Altschwendt,414,4
St. Aegidi,414,4
Dorf,414,4
Riedau,414,4
Zell an der Pram,414,4
Raab,414,4
Enzenkirchen,414,4
St. Willibald,414,4
Andorf,414,4
Sigharting,414,4
Eggerding,414,4
St. Marienkirchen bei Schärding,414,4
Taufkirchen an der Pram,414,4
Diersbach,414,4
Mayrhof,414,4
Schärding,414,4
St. Florian am Inn,414,4
Wernstein am Inn,414,4
Schardenberg,414,4
Freinberg,414,4
Brunnenthal,414,4
Rainbach im Innkreis,414,4
Münzkirchen,414,4
St. Roman,414,4
Kopfing im Innkreis,414,4
Suben,414,4
Wesenufer,414,4
Engelhartszell,414,4
Vichtenstein,414,4
Esternberg,414,4
Gaflenz,415,4
Weyer,415,4
Steyr-Gleink,415,4
Aschach an der Steyr,415,4
Kleinraming,415,4
Maria Neustift,415,4
Garsten,415,4
Ternberg,415,4
Trattenbach,415,4
Losenstein,415,4
Laussa,415,4
Reichraming,415,4
Großraming,415,4
Kleinreifling,415,4
Wolfern,415,4
Schiedlberg,415,4
Sierning,415,4
Neuzeug,415,4
Rohr im Kremstal,415,4
Bad Hall,415,4
Adlwang,415,4
Waldneukirchen,415,4
Linz,416,4
Puchenau,416,4
Ottensheim,416,4
Feldkirchen an der Donau,416,4
Goldwörth,416,4
Walding,416,4
Rottenegg,416,4
Herzogsdorf,416,4
Zwettl an der Rodl,416,4
Oberneukirchen,416,4
Waxenberg,416,4
Bad Leonfelden,416,4
Vorderweißenbach,416,4
Schenkenfelden,416,4
Reichenthal,416,4
Gramastetten,416,4
Hellmonsödt,416,4
Altenberg bei Linz,416,4
Reichenau im Mühlkreis,416,4
Engerwitzdorf,416,4
Alberndorf in der Riedmark,416,4
Steyregg,416,4
Schwanenstadt,417,4
Breitenschützing,417,4
Niederthalheim,417,4
Desselbrunn,417,4
Attnang-Puchheim,417,4
Neukirchen,417,4
Vöcklabruck,417,4
Ungenach,417,4
Zell am Pettenfirst,417,4
Ampflwang,417,4
Regau,417,4
Redlham,417,4
Puchkirchen am Trattberg,417,4
Timelkam,417,4
Gampern,417,4
Weyregg am Attersee,417,4
Steinbach am Attersee,417,4
Lenzing,417,4
Schörfling,417,4
Seewalchen am Attersee,417,4
Attersee,417,4
Nußdorf am Attersee,417,4
Unterach,417,4
Vöcklamarkt,417,4
Zipf,417,4
Neukirchen an der Vöckla,417,4
Frankenburg am Hausruck,417,4
St. Georgen im Attergau,417,4
Straß im Attergau,417,4
Oberwang,417,4
Frankenmarkt,417,4
Pöndorf,417,4
Fornach,417,4
Zell am Moos,417,4
Oberhofen am Irrsee,417,4
Ottnang,417,4
Wolfsegg am Hausruck,417,4
Manning,417,4
Atzbach,417,4
Mondsee,417,4
Loibichl,417,4
Buchkirchen,418,4
Mistelbach bei Wels,418,4
Marchtrenk,418,4
Holzhausen,418,4
Weißkirchen,418,4
Sipbachzell,418,4
Gunskirchen,418,4
Pennewang,418,4
Offenhausen,418,4
Krenglbach,418,4
Pichl bei Wels,418,4
Steinhaus,418,4
Sattledt,418,4
Lambach,418,4
Stadl-Paura,418,4
Steinerkirchen an der Traun,418,4
Eberstalzell,418,4
Bad Wimsbach-Neydharting,418,4
Neukirchen bei Lambach,418,4
Bachmanning,418,4
Salzburg,501,5
Salzburg-Gnigl,501,5
Salzburg-Aigen,501,5
Gartenau-St. Leonhard,502,5
Hallein,502,5
Oberalm,502,5
Puch bei Hallein,502,5
Adnet,502,5
Heilbad Dürrnberg,502,5
St. Koloman,502,5
Bad Vigaun,502,5
Krispl,502,5
Kuchl,502,5
Golling an der Salzach,502,5
Abtenau,502,5
Rußbach am Paß Gschütt,502,5
Lungötz,502,5
Annaberg,502,5
Weißenbach,503,5
Elsbethen-Glasenbach,503,5
Wals,503,5
Anif,503,5
Grödig,503,5
Großgmain,503,5
Bergheim,503,5
Anthering,503,5
Oberndorf bei Salzburg,503,5
Bürmoos,503,5
Lamprechtshausen,503,5
St. Georgen bei Salzburg,503,5
Göming,503,5
Nußdorf am Haunsberg,503,5
Michaelbeuern,503,5
Elixhausen,503,5
Obertrum am See,503,5
Seeham,503,5
Berndorf bei Salzburg,503,5
Seekirchen,503,5
Neumarkt am Wallersee,503,5
Köstendorf,503,5
Straßwalchen,503,5
Schleedorf,503,5
Hallwang,503,5
Eugendorf,503,5
Henndorf am Wallersee,503,5
Thalgau,503,5
Koppl,503,5
Hof bei Salzburg,503,5
Ebenau,503,5
Faistenau,503,5
Plainfeld,503,5
Fuschl am See,503,5
St. Gilgen,503,5
Abersee,503,5
Strobl,503,5
Werfen,504,5
Tenneck,504,5
Pfarrwerfen,504,5
Werfenweng,504,5
Bischofshofen,504,5
Mühlbach am Hochkönig,504,5
Hüttau,504,5
Niedernfritz,504,5
St. Martin am Tennengebirge,504,5
Eben im Pongau,504,5
Filzmoos,504,5
Altenmarkt im Pongau,504,5
Flachau,504,5
Radstadt,504,5
Forstau,504,5
Untertauern,504,5
Obertauern,504,5
St. Johann im Pongau,504,5
Wagrain,504,5
Kleinarl,504,5
Großarl,504,5
Hüttschlag,504,5
Schwarzach im Pongau,504,5
St. Veit im Pongau,504,5
Goldegg,504,5
Bad Hofgastein,504,5
Dorfgastein,504,5
Bad Gastein,504,5
Böckstein,504,5
Mandling,504,5
Tweng,505,5
Mauterndorf,505,5
Mariapfarr,505,5
St. Andrä im Lungau,505,5
Weißpriach,505,5
Göriach,505,5
Lessach,505,5
Tamsweg,505,5
St. Margarethen im Lungau,505,5
St. Michael im Lungau,505,5
Muhr,505,5
Zederhaus,505,5
Unternberg,505,5
Ramingstein,505,5
Thomatal,505,5
Predlitz,505,5
Lofer,506,5
Unken,506,5
St. Martin bei Lofer,506,5
Weißbach bei Lofer,506,5
Lend,506,5
Dienten am Hochkönig,506,5
Taxenbach,506,5
Rauris,506,5
Gries,506,5
Bruck an der Großglocknerstraße,506,5
Fusch an der Glocknerstraße,506,5
Zell am See,506,5
Kaprun,506,5
Piesendorf,506,5
Niedernsill,506,5
Uttendorf,506,5
Stuhlfelden,506,5
Mittersill,506,5
Hollersbach im Pinzgau,506,5
Mühlbach,506,5
Bramberg am Wildkogel,506,5
Neukirchen am Großvenediger,506,5
Wald im Pinzgau,506,5
Krimml,506,5
Maishofen,506,5
Viehhofen,506,5
Saalbach,506,5
Hinterglemm,506,5
Saalfelden am Steinernen Meer,506,5
Maria Alm am Steinernen Meer,506,5
Leogang,506,5
Graz,601,6
Graz-Liebenau,601,6
Graz-St. Peter,601,6
Graz-Kroisbach,601,6
Graz-Neuhart,601,6
Lannach,603,6
St. Josef Weststeiermark,603,6
Preding,603,6
Stainz,603,6
St. Stefan ob Stainz,603,6
Wettmannstätten,603,6
Groß St. Florian,603,6
Frauental an der Laßnitz,603,6
Bad Gams,603,6
Deutschlandsberg,603,6
Schwanberg,603,6
St. Peter im Sulmtal,603,6
St. Martin im Sulmtal,603,6
Pölfing-Brunn,603,6
Wies,603,6
Eibiswald,603,6
St. Oswald ob Eibiswald,603,6
Soboth,603,6
Graz-Mariatrost,606,6
Graz-Andritz,606,6
Graz-St. Veit,606,6
Graz-Ragnitz,606,6
Graz-Gösting,606,6
Graz-Wetzelsdorf,606,6
Graz-Straßgang,606,6
Graz-Puntigam,606,6
St. Radegund bei Graz,606,6
Kumberg,606,6
Eggersdorf bei Graz,606,6
Hausmannstätten,606,6
Fernitz,606,6
Feldkirchen bei Graz,606,6
Raaba,606,6
Hart bei Graz,606,6
Vasoldsberg,606,6
Gössendorf,606,6
Gratkorn,606,6
Semriach,606,6
Rein,606,6
Judendorf-Straßengel,606,6
Gratwein,606,6
St. Oswald bei Plankenwarth,606,6
Stübing,606,6
Peggau,606,6
Deutschfeistritz,606,6
Waldstein,606,6
Übelbach,606,6
Frohnleiten,606,6
Unterpremstätten,606,6
Wundschuh,606,6
Dobl,606,6
Tobelbad,606,6
Hitzendorf,606,6
Geistthal,606,6
Laßnitzhöhe,606,6
Nestelbach bei Graz,606,6
St. Marein bei Graz,606,6
Kalsdorf bei Graz,606,6
Werndorf,606,6
Lieboch,606,6
Heiligenkreuz am Waasen,610,6
Lebring,610,6
Wildon,610,6
Hengsberg,610,6
Allerheiligen bei Wildon,610,6
St. Georgen an der Stiefing,610,6
Wolfsberg im Schwarzautal,610,6
St. Nikolai ob Draßling,610,6
St. Veit am Vogau,610,6
Gabersdorf,610,6
Leibnitz,610,6
Gralla,610,6
Tillmitsch,610,6
Wagna,610,6
Fresing,610,6
Kitzeck im Sausal,610,6
Gleinstätten,610,6
St. Andrä im Sausal,610,6
Heimschuh,610,6
Großklein,610,6
St. Johann im Saggautal,610,6
Arnfels,610,6
Oberhaag,610,6
Ehrenhausen,610,6
Gamlitz,610,6
Leutschach,610,6
Straß in Steiermark,610,6
Weinburg am Saßbach,610,6
St. Nikolai im Sausal,610,6
Leoben,611,6
Niklasdorf,611,6
St. Stefan ob Leoben,611,6
Kraubath an der Mur,611,6
St. Michael in Obersteiermark,611,6
Timmersdorf,611,6
Kammern im Liesingtal,611,6
Mautern in Steiermark,611,6
Kalwang,611,6
Wald am Schoberpaß,611,6
Eisenerz,611,6
St. Peter-Freienstein,611,6
Trofaiach,611,6
Vordernberg,611,6
Radmer,611,6
Hieflau,611,6
Treglwang,612,6
Gaishorn am See,612,6
Trieben,612,6
Rottenmann,612,6
Selzthal,612,6
Lassing,612,6
Ardning,612,6
Admont,612,6
Johnsbach,612,6
Weng,612,6
Lainbach,612,6
Gams bei Hieflau,612,6
Palfau,612,6
Wildalpen,612,6
Landl,612,6
Weißenbach an der Enns,612,6
St. Gallen,612,6
Altenmarkt bei St. Gallen,612,6
Liezen,612,6
Wörschach,612,6
Aigen im Ennstal,612,6
Stainach,612,6
Trautenfels,612,6
Irdning,612,6
Donnersbach,612,6
St. Martin am Grimming,612,6
Öblarn,612,6
Stein an der Enns,612,6
Gröbming,612,6
Pruggern,612,6
Aich-Assach,612,6
Haus,612,6
Schladming,612,6
Rohrmoos-Untertal,612,6
Ramsau,612,6
Pichl,612,6
Tauplitz,612,6
Bad Mitterndorf,612,6
Kainisch,612,6
Bad Aussee,612,6
Altaussee,612,6
Grundlsee,612,6
Scheifling,614,6
Mariahof,614,6
St. Lambrecht,614,6
Neumarkt in Steiermark,614,6
Mühlen,614,6
Niederwölz,614,6
Oberwölz,614,6
Teufenbach,614,6
Frojach,614,6
Katsch an der Mur,614,6
St. Peter am Kammersberg,614,6
Schöder,614,6
Murau,614,6
Stolzalpe,614,6
Ranten,614,6
Krakaudorf,614,6
St. Georgen ob Murau,614,6
Stadl an der Mur,614,6
Turrach,614,6
Wildbad Einöd,614,6
Stallhofen,616,6
Söding,616,6
Mooskirchen,616,6
Ligist,616,6
Krottendorf-Gaisfeld,616,6
St. Johann ob Hohenburg,616,6
Voitsberg,616,6
Bärnbach,616,6
Kainach bei Voitsberg,616,6
Köflach,616,6
Rosental an der Kainach,616,6
Edelschrott,616,6
Hirschegg,616,6
Maria Lankowitz,616,6
Graden,616,6
Weiz,617,6
Passail,617,6
Fladnitz an der Teichalm,617,6
St. Kathrein am Offenegg,617,6
Heilbrunn,617,6
St. Ruprecht an der Raab,617,6
Puch bei Weiz,617,6
Floing,617,6
Anger,617,6
Birkfeld,617,6
Koglhof,617,6
Strallegg,617,6
Gleisdorf,617,6
Ilztal,617,6
Pischelsdorf am Kulm,617,6
Sinabelkirchen,617,6
Markt Hartmannsdorf,617,6
St. Margarethen an der Raab,617,6
Gasen,617,6
Fischbach,617,6
Alpl,617,6
St. Kathrein am Hauenstein,617,6
Ratten,617,6
Rettenegg,617,6
Salla,620,6
St. Lorenzen bei Knittelfeld,620,6
Knittelfeld,620,6
Kobenz,620,6
Spielberg,620,6
Bischoffeld,620,6
Seckau,620,6
St. Marein bei Knittelfeld,620,6
Großlobming,620,6
Zeltweg,620,6
Weißkirchen in Steiermark,620,6
Obdach,620,6
Judenburg,620,6
Fohnsdorf,620,6
Thalheim,620,6
St. Peter ob Judenburg,620,6
St. Georgen ob Judenburg,620,6
Pöls,620,6
Oberzeiring,620,6
Möderbrugg,620,6
Pusterwald,620,6
St. Johann am Tauern,620,6
Hohentauern,620,6
Unzmarkt,620,6
Langau,621,6
Prein an der Rax,621,6
Mixnitz,621,6
Pernegg an der Mur,621,6
Bruck an der Mur,621,6
Kapfenberg,621,6
St. Katharein an der Laming,621,6
Tragöß-Oberort,621,6
Breitenau,621,6
Thörl,621,6
Etmißl,621,6
Aflenz Kurort,621,6
Au,621,6
Turnau,621,6
Mariazell,621,6
Gußwerk,621,6
Wegscheid,621,6
Gollrad,621,6
Seewiesen,621,6
St. Marein im Mürztal,621,6
St. Lorenzen im Mürztal,621,6
Allerheiligen im Mürztal,621,6
Mürzhofen,621,6
Kindberg,621,6
Kindberg-Aumühl,621,6
Stanz im Mürztal,621,6
Wartberg im Mürztal,621,6
Mitterdorf im Mürztal,621,6
Dorf Veitsch,621,6
Großveitsch,621,6
Langenwang,621,6
Krieglach,621,6
Mürzzuschlag,621,6
Mürzzuschlag-Hönigsberg,621,6
Spital am Semmering,621,6
Steinhaus am Semmering,621,6
Kapellen,621,6
Neuberg an der Mürz,621,6
Mürzsteg,621,6
Hirnsdorf,622,6
St. Johann bei Herberstein,622,6
Stubenberg am See,622,6
Kaindorf bei Hartberg,622,6
Pöllau bei Hartberg,622,6
Hartberg,622,6
Grafendorf bei Hartberg,622,6
Lafnitz,622,6
Rohrbach an der Lafnitz,622,6
Friedberg,622,6
Dechantskirchen,622,6
St. Lorenzen am Wechsel,622,6
Pinggau,622,6
Schäffern,622,6
Vorau,622,6
Bruck an der Lafnitz,622,6
Mönichwald,622,6
Waldbach,622,6
Wenigzell,622,6
St. Jakob,622,6
Ilz,622,6
Großwilfersdorf,622,6
Hainersdorf,622,6
Großsteinbach,622,6
Bad Waltersdorf,622,6
Sebersdorf,622,6
Ebersdorf,622,6
Buch,622,6
Fürstenfeld,622,6
Loipersdorf bei Fürstenfeld,622,6
Bad Blumau,622,6
Unterrohr,622,6
St. Johann in der Haide,622,6
Ottendorf an der Rittschein,622,6
Söchau,622,6
Kirchbach in Steiermark,623,6
St. Stefan im Rosental,623,6
Jagerberg,623,6
Mettersdorf am Saßbach,623,6
St. Peter am Ottersbach,623,6
Breitenfeld an der Rittschein,623,6
Studenzen,623,6
Kirchberg an der Raab,623,6
Feldbach,623,6
Edelsbach bei Feldbach,623,6
Riegersburg,623,6
Lödersdorf,623,6
Paldau,623,6
Gnas,623,6
Trautmannsdorf in Oststeiermark,623,6
Bad Gleichenberg,623,6
Straden,623,6
Fehring,623,6
Unterlamm,623,6
Kapfenstein,623,6
St. Anna am Aigen,623,6
Tieschen,623,6
Hatzendorf,623,6
Spielfeld,623,6
Weitersfeld an der Mur,623,6
Mureck,623,6
Deutsch Goritz,623,6
Unterpurkla,623,6
Bad Radkersburg,623,6
Halbenrain,623,6
Klöch,623,6
Innsbruck,701,7
Innsbruck-Igls,701,7
Haiming,702,7
Roppen,702,7
Ötztal Bahnhof,702,7
Sautens,702,7
Oetz,702,7
Umhausen,702,7
Längenfeld,702,7
Sölden,702,7
Hochsölden,702,7
Obergurgl,702,7
Vent,702,7
Imst,702,7
Karres,702,7
Karrösten,702,7
Tarrenz,702,7
Nassereith,702,7
Arzl im Pitztal,702,7
Wenns,702,7
Jerzens,702,7
St. Leonhard im Pitztal,702,7
Imsterberg,702,7
Mils,702,7
Kühtai,702,7
Mieming,702,7
Obsteig,702,7
Rietz,702,7
Stams,702,7
Mötz,702,7
Silz,702,7
Hall in Tirol,703,7
Rum,703,7
Thaur,703,7
Absam,703,7
Mils,703,7
Gnadenwald,703,7
Ampass,703,7
Aldrans,703,7
Lans,703,7
Sistrans,703,7
Rinn,703,7
Tulfes,703,7
Patsch,703,7
Ellbögen,703,7
Götzens,703,7
Birgitz,703,7
Axams,703,7
Grinzens,703,7
Seefeld in Tirol,703,7
Reith bei Seefeld,703,7
Leutasch,703,7
Scharnitz,703,7
Volders,703,7
Wattens,703,7
Wattenberg,703,7
Kolsass,703,7
Kolsassberg,703,7
Baumkirchen,703,7
Fritzens,703,7
Schönberg im Stubaital,703,7
Mieders,703,7
Matrei am Brenner,703,7
Navis,703,7
Steinach am Brenner,703,7
Trins,703,7
St. Jodok am Brenner,703,7
Gries am Brenner,703,7
Obernberg am Brenner,703,7
Natters,703,7
Mutters,703,7
Telfes im Stubai,703,7
Fulpmes,703,7
Neustift im Stubaital,703,7
Zirl,703,7
Oberperfuss,703,7
Kematen in Tirol,703,7
Völs,703,7
Unterperfuss,703,7
Ranggen,703,7
Sellrain,703,7
Gries im Sellrain,703,7
St. Sigmund,703,7
Inzing,703,7
Hatting,703,7
Flaurling,703,7
Polling,703,7
Pfaffenhofen,703,7
Oberhofen im Inntal,703,7
Pettnau,703,7
Telfs,703,7
Wildermieming,703,7
Itter,704,7
Wildschönau-Niederau,704,7
Kössen,704,7
Going am Wilden Kaiser,704,7
Hopfgarten,704,7
Westendorf,704,7
Brixen im Thale,704,7
Kirchberg in Tirol,704,7
Kitzbühel,704,7
Aurach,704,7
Oberndorf in Tirol,704,7
Jochberg,704,7
St. Johann in Tirol,704,7
Kirchdorf in Tirol,704,7
Erpfendorf,704,7
Waidring,704,7
Schwendt,704,7
Fieberbrunn,704,7
St. Jakob in Haus,704,7
St. Ulrich am Pillersee,704,7
Hochfilzen,704,7
Brixlegg,705,7
Münster,705,7
Kramsach,705,7
Brandenberg,705,7
Reith im Alpbachtal,705,7
Alpbach,705,7
Rattenberg,705,7
Radfeld,705,7
Kundl,705,7
Breitenbach am Inn,705,7
Wörgl,705,7
Söll,705,7
Wildschönau-Oberau,705,7
Wildschönau-Auffach,705,7
Angerberg,705,7
Angath,705,7
Kirchbichl,705,7
Bad Häring,705,7
Mariastein,705,7
Kufstein,705,7
Schwoich,705,7
Thiersee,705,7
Langkampfen,705,7
Ebbs,705,7
Niederndorf,705,7
Erl,705,7
Walchsee,705,7
Niederndorferberg,705,7
Rettenschöss,705,7
Scheffau am Wilden Kaiser,705,7
Ellmau,705,7
Schönwies,706,7
Landeck,706,7
Zams,706,7
Fließ,706,7
Prutz,706,7
Feichten im Kaunertal,706,7
Faggen,706,7
Kauns,706,7
Kaunerberg,706,7
Fendels,706,7
Ried im Oberinntal,706,7
Ladis,706,7
Fiss,706,7
Serfaus,706,7
Tösens,706,7
Pfunds,706,7
Nauders,706,7
Spiss,706,7
Pians,706,7
Tobadill,706,7
See,706,7
Kappl,706,7
Ischgl,706,7
Mathon,706,7
Galtür,706,7
Strengen,706,7
Flirsch,706,7
Pettneu am Arlberg,706,7
St. Anton am Arlberg,706,7
Grins,706,7
Nikolsdorf,707,7
Lienz,707,7
Oberlienz,707,7
Thurn,707,7
Gaimberg,707,7
Lavant,707,7
Tristach,707,7
Amlach,707,7
Leisach,707,7
Assling,707,7
Anras,707,7
Abfaltersbach,707,7
Strassen,707,7
Heinfels,707,7
Sillian,707,7
Außervillgraten,707,7
Innervillgraten,707,7
Kartitsch,707,7
Obertilliach,707,7
Untertilliach,707,7
Ainet,707,7
St. Johann im Walde,707,7
Schlaiten,707,7
Hopfgarten in Defereggen,707,7
St. Veit in Defereggen,707,7
St. Jakob in Defereggen,707,7
Matrei in Osttirol,707,7
Virgen,707,7
Prägraten,707,7
Kals,707,7
Nußdorf-Debant,707,7
Dölsach,707,7
Iselsberg-Stronach,707,7
Reutte,708,7
Höfen,708,7
Wängle,708,7
Heiterwang,708,7
Bichlbach,708,7
Berwang,708,7
Namlos,708,7
Lermoos,708,7
Ehrwald,708,7
Biberwier,708,7
Stanzach,708,7
Elmen,708,7
Vorderhornbach,708,7
Hinterhornbach,708,7
Pfafflar,708,7
Gramais,708,7
Häselgehr,708,7
Elbigenalp,708,7
Bach,708,7
Holzgau,708,7
Steeg,708,7
Forchach,708,7
Weißenbach am Lech,708,7
Nesselwängle,708,7
Grän,708,7
Tannheim,708,7
Schattwald,708,7
Vils,708,7
Jungholz,708,7
Weer,709,7
Terfens,709,7
Schwaz,709,7
Weerberg,709,7
Vomp,709,7
Stans,709,7
Pill,709,7
Jenbach,709,7
Wiesing,709,7
Maurach,709,7
Pertisau,709,7
Achenkirch,709,7
Buch in Tirol,709,7
Gallzein,709,7
Bruck am Ziller,709,7
Strass im Zillertal,709,7
Schlitters,709,7
Fügen,709,7
Fügenberg,709,7
Hart im Zillertal,709,7
Uderns,709,7
Kaltenbach,709,7
Ried im Zillertal,709,7
Aschau,709,7
Stumm,709,7
Stummerberg,709,7
Zellberg,709,7
Hainzenberg,709,7
Zell am Ziller,709,7
Gerlos,709,7
Hippach,709,7
Ramsau im Zillertal,709,7
Mayrhofen,709,7
Finkenberg,709,7
Tux,709,7
Hintertux,709,7
Ginzling,709,7
Bludenz,801,8
Bürs,801,8
Bürserberg,801,8
Brand,801,8
Nenzing,801,8
Thüringen,801,8
Ludesch,801,8
Nüziders,801,8
Bludesch,801,8
Thüringerberg,801,8
St. Gerold,801,8
Blons,801,8
Sonntag,801,8
Fontanella,801,8
Raggal,801,8
Braz,801,8
Dalaas,801,8
Klösterle,801,8
Stuben,801,8
Zürs,801,8
Lech,801,8
St. Anton im Montafon,801,8
Vandans,801,8
Tschagguns,801,8
Schruns,801,8
Bartholomäberg,801,8
Silbertal,801,8
Gargellen,801,8
St. Gallenkirch,801,8
Gaschurn,801,8
Partenen,801,8
Warth,802,8
Schwarzach,802,8
Alberschwende,802,8
Egg,802,8
Andelsbuch,802,8
Schwarzenberg,802,8
Bezau,802,8
Bizau,802,8
Mellau,802,8
Schnepfau,802,8
Au,802,8
Damüls,802,8
Schoppernau,802,8
Schröcken,802,8
Bregenz,802,8
Lochau,802,8
Hörbranz,802,8
Hohenweiler,802,8
Kennelbach,802,8
Wolfurt,802,8
Lauterach,802,8
Langen bei Bregenz,802,8
Doren,802,8
Sulzberg,802,8
Langenegg,802,8
Krumbach,802,8
Riefensberg,802,8
Lingenau,802,8
Hittisau,802,8
Wolfurt-Bahnhof,802,8
Hard,802,8
Fußach,802,8
Höchst,802,8
Gaißau,802,8
Riezlern,802,8
Hirschegg,802,8
Mittelberg,802,8
Hohenems,803,8
Dornbirn,803,8
Lustenau,803,8
Feldkirch,804,8
Göfis,804,8
Meiningen,804,8
Frastanz,804,8
Satteins,804,8
Schlins,804,8
Rankweil,804,8
Sulz-Röthis,804,8
Klaus-Weiler,804,8
Übersaxen,804,8
Zwischenwasser,804,8
Viktorsberg,804,8
Weiler,804,8
Götzis,804,8
Mäder,804,8
Koblach,804,8
Altach,804,8
Wien,901,9
Wien,902,9
Wien,903,9
Wien,904,9
Wien,905,9
Wien,906,9
Wien,907,9
Wien,908,9
Wien,909,9
Wien,910,9
Wien,911,9
Wien,912,9
Wien,913,9
Wien,914,9
Wien,915,9
Wien,916,9
Wien,917,9
Wien,918,9
Wien,919,9
Wien,920,9
Wien,921,9
Wien,922,9
Wien,923,9
